{
	"name": "googletranslate",
	"displayName": "Google Translate",
	"displayName_de": "Google Übersetzer",
	"description": "Translate words and phrases with Google (gtr).",
	"description_de": "Übersetzte Wörter und Sätze mit Google (gtr).",
	"examples": ["gtr enru This text will be translated from English to Russian", "gtr ruen Россия вперед!", "gtr esen Te amo, España!"],
	"examples_de": ["gtr deru Dieser Text wird von Deutsch in Russisch übersetzt", "gtr ruen Россия вперед!", "gtr esen Te amo, España!"],
	"categories": ["Utilities", "Language"],
	"creator_name": "Alex Zavrazhniy",
	"creator_url": "http://themengzor.com"
}