{
	"name": "wolfram-alpha",
	"displayName": "Wolfram|Alpha Search",
	"displayName_de": "Wolfram|Alpha Suche",
	"displayName_fr": "Recherche Wolfram|Alpha (Anglais uniquement)",
	"examples": ["ask wolfram alpha 1 + 1", "wa first 10 prime numbers", "population of india"],
	"examples_de": ["Frage wolfram alpha 1 + 1", "wa first 10 prime numbers", "population of india"],
	"examples_fr": ["demander à wolfram alpha 1 + 1", "wa first 10 prime numbers", "population of india"],
	"categories": ["Information", "Featured"]
}