{
    "categories": [
        "Utilities"
    ],
    "description": "Creates a new reminder.",
    "description_de": "Erstellt eine neue Erinnerung.",
    "displayName": "Remind Me",
    "displayName_de": "Erinner Mich",
    "examples": [
        "Erinner mich ~message(Müll rausbringen)",
        "Neue Erinnerung für ~message(Hausaufgaben erledigen)",
        "Erstelle eine neue Erinnerung ~message(Eier mitnehmen)",
        "Erinnerung ~message(Mit dem Hund spazieren gehen)",
        ""
    ],
    "isAutomatorWorkflow": true,
    "name": "remind-me"
}
