{
    "name": "wikipedia",
    "displayName": "Wikipedia (EN)",
    "displayName_fr": "Wikipedia (FR)",
    "displayName_it": "Wikipedia (IT)",
    "displayName_de": "Wikipedia (DE)",
    "displayName_nl": "Wikipedia (NL)",

    "description": "Search English Wikipedia (wiki).",
    "description_fr": "Recherche sur Wikipedia.",
    "description_it": "Cerca su Wikipedia.",
    "description_de": "Durchsuche das deutsche Wikipedia (wiki).",
    "description_nl": "Zoek op de Nederlandse Wikipedia (wiki).",

    "examples": ["wiki Dogs", "search wikipedia for St. Louis, MO", "wikipedia Flashlight"],
    "examples_fr": ["wiki Chiens", "recherche wikipedia Canard", "wikipedia Flashlight"],
    "examples_it": ["wiki cani", "cerca wikipedia Ponza", "wikipedia Flashlight"],
    "examples_de": ["wiki Hunde", "Suche Wikipedia nach St. Louis, MO", "wikipedia Flashlight"],
    "examples": ["wiki hond", "Zoek op wikipedia voor St. Louis, MO", "wikipedia Flashlight"],

    "categories": ["Search", "Information"]
}
