{
	"name": "wikipedia",
	"displayName": "Wikipedia (EN)",
	"displayName_fr": "Wikipedia (FR)",
	"displayName_it": "Wikipedia (IT)",
	
	"description": "Search English Wikipedia (wiki).",
	"description_fr": "Recherche sur Wikipedia.",
	"description_it": "Cerca su Wikipedia.",
	
	"examples": ["wiki Dogs", "search wikipedia for St. Louis, MO", "wikipedia Flashlight"],
	"examples_fr": ["wiki Chiens", "recherche wikipedia Canard", "wikipedia Flashlight"],
	"examples_it": ["wiki cani", "cerca wikipedia Ponza", "wikipedia Flashlight"],
	
	"categories": ["Search", "Information"]
}
