{
	"name": "timezone",
	"displayName": "Time Zone",
	"displayName_de": "Zeitzonen",
	"displayName_fr": "Fuseaux horaire",
	"description": "View the time in any city.",
	"description_de": "Suche die Uhrzeit über die Spotlight.",
	"description_fr":"Consulter et interagir avec le temps",
	"examples": ["time Munich", "timezone Tokio"],
	"examples_de": ["Zeit München", "Uhrzeit Tokio"],
	"examples_fr": ["heure Munich", "fuseau Tokio"],
	"categories": ["Weather", "Featured"],
    "search_keywords": "world clock"
}