{
	"name": "shop",
	"displayName": "Shopping Search",
	"displayName_de": "Shopping Suche",
	"description": "Search Amazon (shortcut: a), Alibaba (ab), AliExpress (ae), eBay (e), jd.com (jd), Taobao (t), YHD.com (y), Yixun (yx) and 1688 from Spotlight.",
	"description_de": "Durchsuche Amazon (shortcut: a), Alibaba (ab), AliExpress (ae), eBay (e), jd.com (jd), Taobao (t), YHD.com (y), Yixun (yx) und 1688 mit der Spotlight.",
	"examples": ["amazon flashlight", "a flashlight", "ebay flashlight", "e flashlight", "jd flashlight", "j flashlight", "taobao flashlight", "t flashlight"],
	"categories": ["Search"]
}